EMISSAO;CLIENTE;PRODUTO;QTDE;REPRESENTANTE;META DE VENDA MENSAL
24/01/2023;NUTRICIONALE COM DE ALIM LTDA;4059;10;D'ROSA REPR COM LTDA / LD REPRESENTACOES;
24/01/2023;NUTRICIONALE COM DE ALIM LTDA;4059;10;D'ROSA REPR COM LTDA / LD REPRESENTACOES;
24/01/2023;NUTRICIONALE COM DE ALIM LTDA;4059;10;D'ROSA REPR COM LTDA / LD REPRESENTACOES;
12/05/2023;DISTR REDEPAS COM ATAC DE PROD P SM LTDA;4059;3;D'ROSA REPR COM LTDA / LD REPRESENTACOES;
25/05/2023;DISTR REDEPAS COM ATAC DE PROD P SM LTDA;4059;1;D'ROSA REPR COM LTDA / LD REPRESENTACOES;
07/06/2023;COML SAKASHITA DE SM LTDA;4059;2;D'ROSA REPR COM LTDA / LD REPRESENTACOES;
07/06/2023;COML SAKASHITA DE SM LTDA;4059;2;D'ROSA REPR COM LTDA / LD REPRESENTACOES;
07/06/2023;COML SAKASHITA DE SM LTDA;4059;2;D'ROSA REPR COM LTDA / LD REPRESENTACOES;
07/06/2023;COML SAKASHITA DE SM LTDA;4059;1;D'ROSA REPR COM LTDA / LD REPRESENTACOES;
07/06/2023;COML SAKASHITA DE SM LTDA;4059;1;D'ROSA REPR COM LTDA / LD REPRESENTACOES;
07/06/2023;COML SAKASHITA DE SM LTDA;4059;1;D'ROSA REPR COM LTDA / LD REPRESENTACOES;
12/06/2023;DISTR REDEPAS COM ATAC DE PROD P SM LTDA;4059;2;D'ROSA REPR COM LTDA / LD REPRESENTACOES;
12/06/2023;HEIWA SM LTDA;4059;1;D'ROSA REPR COM LTDA / LD REPRESENTACOES;
12/06/2023;HEIWA SM LTDA;4059;1;D'ROSA REPR COM LTDA / LD REPRESENTACOES;
12/06/2023;HEIWA SM LTDA;4059;1;D'ROSA REPR COM LTDA / LD REPRESENTACOES;
12/06/2023;HEIWA SM LTDA;4059;1;D'ROSA REPR COM LTDA / LD REPRESENTACOES;
12/06/2023;HEIWA SM LTDA;4059;1;D'ROSA REPR COM LTDA / LD REPRESENTACOES;
12/06/2023;HEIWA SM LTDA;4059;1;D'ROSA REPR COM LTDA / LD REPRESENTACOES;
24/01/2023;SM RONDON LTDA;4117;50;D'ROSA REPR COM LTDA / LD REPRESENTACOES;
24/01/2023;SM RONDON LTDA;4117;50;D'ROSA REPR COM LTDA / LD REPRESENTACOES;
26/01/2023;ATAC REDEMAIS LTDA;4117;1;D'ROSA REPR COM LTDA / LD REPRESENTACOES;
26/01/2023;TAKADA E TAKATA LTDA;4117;20;D'ROSA REPR COM LTDA / LD REPRESENTACOES;
26/01/2023;BANDEIRANTE SM BRASIL LTDA;4117;40;D'ROSA REPR COM LTDA / LD REPRESENTACOES;
26/01/2023;BANDEIRANTE SM BURITAMA LTDA;4117;20;D'ROSA REPR COM LTDA / LD REPRESENTACOES;
16/02/2023;DISTR REDEPAS COM ATAC DE PROD P SM LTDA;4117;19;D'ROSA REPR COM LTDA / LD REPRESENTACOES;
30/03/2023;REDE SOL DISTR ATAC DE PROD ALIM LTDA;4117;14;D'ROSA REPR COM LTDA / LD REPRESENTACOES;
12/05/2023;DISTR REDEPAS COM ATAC DE PROD P SM LTDA;4117;11;D'ROSA REPR COM LTDA / LD REPRESENTACOES;
15/05/2023;REDE SOL DISTR ATAC DE PROD ALIM LTDA;4117;24;D'ROSA REPR COM LTDA / LD REPRESENTACOES;
25/05/2023;SM RONDON LTDA;4117;50;D'ROSA REPR COM LTDA / LD REPRESENTACOES;
25/05/2023;SM RONDON LTDA;4117;50;D'ROSA REPR COM LTDA / LD REPRESENTACOES;
25/05/2023;SM RONDON LTDA;4117;50;D'ROSA REPR COM LTDA / LD REPRESENTACOES;
25/05/2023;SM RONDON LTDA;4117;50;D'ROSA REPR COM LTDA / LD REPRESENTACOES;
25/05/2023;DISTR REDEPAS COM ATAC DE PROD P SM LTDA;4117;15;D'ROSA REPR COM LTDA / LD REPRESENTACOES;
25/05/2023;ATAC REDEMAIS LTDA;4117;7;D'ROSA REPR COM LTDA / LD REPRESENTACOES;
07/06/2023;ATAC REDEMAIS LTDA;4117;9;D'ROSA REPR COM LTDA / LD REPRESENTACOES;
12/06/2023;DISTR REDEPAS COM ATAC DE PROD P SM LTDA;4117;15;D'ROSA REPR COM LTDA / LD REPRESENTACOES;
16/02/2023;DISTR REDEPAS COM ATAC DE PROD P SM LTDA;4118;13;D'ROSA REPR COM LTDA / LD REPRESENTACOES;
12/05/2023;DISTR REDEPAS COM ATAC DE PROD P SM LTDA;4118;9;D'ROSA REPR COM LTDA / LD REPRESENTACOES;
25/05/2023;DISTR REDEPAS COM ATAC DE PROD P SM LTDA;4118;12;D'ROSA REPR COM LTDA / LD REPRESENTACOES;
12/06/2023;DISTR REDEPAS COM ATAC DE PROD P SM LTDA;4118;7;D'ROSA REPR COM LTDA / LD REPRESENTACOES;
30/03/2023;REDE SOL DISTR ATAC DE PROD ALIM LTDA;4783;12;D'ROSA REPR COM LTDA / LD REPRESENTACOES;
15/05/2023;REDE SOL DISTR ATAC DE PROD ALIM LTDA;4783;27;D'ROSA REPR COM LTDA / LD REPRESENTACOES;
24/01/2023;NUTRICIONALE COM DE ALIM LTDA;4011S;40;D'ROSA REPR COM LTDA / LD REPRESENTACOES;
24/01/2023;NUTRICIONALE COM DE ALIM LTDA;4011S;40;D'ROSA REPR COM LTDA / LD REPRESENTACOES;
24/01/2023;NUTRICIONALE COM DE ALIM LTDA;4011S;40;D'ROSA REPR COM LTDA / LD REPRESENTACOES;
24/01/2023;SM RONDON LTDA;4011S;60;D'ROSA REPR COM LTDA / LD REPRESENTACOES;
24/01/2023;SM RONDON LTDA;4011S;60;D'ROSA REPR COM LTDA / LD REPRESENTACOES;
26/01/2023;ARROZ ESTRELA EIRELI;4011S;10;D'ROSA REPR COM LTDA / LD REPRESENTACOES;
26/01/2023;ARROZ ESTRELA EIRELI;4011S;10;D'ROSA REPR COM LTDA / LD REPRESENTACOES;
26/01/2023;ARROZ ESTRELA EIRELI;4011S;10;D'ROSA REPR COM LTDA / LD REPRESENTACOES;
26/01/2023;ATAC REDEMAIS LTDA;4011S;35;D'ROSA REPR COM LTDA / LD REPRESENTACOES;
27/01/2023;SM PORECATU LTDA;4011S;60;D'ROSA REPR COM LTDA / LD REPRESENTACOES;
20/02/2023;SM PORECATU LTDA;4011S;70;D'ROSA REPR COM LTDA / LD REPRESENTACOES;
20/02/2023;NUTRICIONALE COM DE ALIM LTDA;4011S;50;D'ROSA REPR COM LTDA / LD REPRESENTACOES;
20/02/2023;NUTRICIONALE COM DE ALIM LTDA;4011S;50;D'ROSA REPR COM LTDA / LD REPRESENTACOES;
20/02/2023;NUTRICIONALE COM DE ALIM LTDA;4011S;50;D'ROSA REPR COM LTDA / LD REPRESENTACOES;
24/02/2023;A DAHER & CIA LTDA;4011S;50;D'ROSA REPR COM LTDA / LD REPRESENTACOES;
27/03/2023;SM PORECATU LTDA;4011S;70;D'ROSA REPR COM LTDA / LD REPRESENTACOES;
30/03/2023;REDE SOL DISTR ATAC DE PROD ALIM LTDA;4011S;7;D'ROSA REPR COM LTDA / LD REPRESENTACOES;
15/05/2023;REDE SOL DISTR ATAC DE PROD ALIM LTDA;4011S;15;D'ROSA REPR COM LTDA / LD REPRESENTACOES;
25/05/2023;NUTRICIONALE COM DE ALIM LTDA;4011S;50;D'ROSA REPR COM LTDA / LD REPRESENTACOES;
25/05/2023;NUTRICIONALE COM DE ALIM LTDA;4011S;50;D'ROSA REPR COM LTDA / LD REPRESENTACOES;
25/05/2023;NUTRICIONALE COM DE ALIM LTDA;4011S;50;D'ROSA REPR COM LTDA / LD REPRESENTACOES;
25/05/2023;SM RONDON LTDA;4011S;50;D'ROSA REPR COM LTDA / LD REPRESENTACOES;
25/05/2023;SM RONDON LTDA;4011S;50;D'ROSA REPR COM LTDA / LD REPRESENTACOES;
25/05/2023;SM RONDON LTDA;4011S;50;D'ROSA REPR COM LTDA / LD REPRESENTACOES;
25/05/2023;SM RONDON LTDA;4011S;50;D'ROSA REPR COM LTDA / LD REPRESENTACOES;
25/05/2023;ATAC REDEMAIS LTDA;4011S;16;D'ROSA REPR COM LTDA / LD REPRESENTACOES;
29/05/2023;NUTRICIONALE COM DE ALIM LTDA;4011S;15;D'ROSA REPR COM LTDA / LD REPRESENTACOES;
29/05/2023;NUTRICIONALE COM DE ALIM LTDA;4011S;15;D'ROSA REPR COM LTDA / LD REPRESENTACOES;
29/05/2023;NUTRICIONALE COM DE ALIM LTDA;4011S;15;D'ROSA REPR COM LTDA / LD REPRESENTACOES;
07/06/2023;SM PORECATU LTDA;4011S;150;D'ROSA REPR COM LTDA / LD REPRESENTACOES;
07/06/2023;ATAC REDEMAIS LTDA;4011S;10;D'ROSA REPR COM LTDA / LD REPRESENTACOES;
12/06/2023;ARROZ ESTRELA EIRELI;4011S;10;D'ROSA REPR COM LTDA / LD REPRESENTACOES;
12/06/2023;ARROZ ESTRELA EIRELI;4011S;10;D'ROSA REPR COM LTDA / LD REPRESENTACOES;
12/06/2023;ARROZ ESTRELA EIRELI;4011S;5;D'ROSA REPR COM LTDA / LD REPRESENTACOES;
12/06/2023;ARROZ ESTRELA EIRELI;4011S;5;D'ROSA REPR COM LTDA / LD REPRESENTACOES;
14/06/2023;A DAHER & CIA LTDA;4011S;60;D'ROSA REPR COM LTDA / LD REPRESENTACOES;
14/06/2023;NUTRICIONALE COM DE ALIM LTDA;4011S;30;D'ROSA REPR COM LTDA / LD REPRESENTACOES;
14/06/2023;NUTRICIONALE COM DE ALIM LTDA;4011S;30;D'ROSA REPR COM LTDA / LD REPRESENTACOES;
14/06/2023;NUTRICIONALE COM DE ALIM LTDA;4011S;30;D'ROSA REPR COM LTDA / LD REPRESENTACOES;
12/01/2023;K C B AMORIM DOS SANTOS;4059;50;SOUZA & SANTON REPR LTDA;
03/02/2023;CAPITAL DAS CESTAS LTDA;4059;10;SOUZA & SANTON REPR LTDA;
03/02/2023;CAPITAL DAS CESTAS LTDA;4059;10;SOUZA & SANTON REPR LTDA;
20/02/2023;BENEFIT COM E EXP DE ALIM EIRELI EM REC JUDICIAL;4059;50;SOUZA & SANTON REPR LTDA;
20/02/2023;EMP MEGA 100 COM DE ALIM S A;4059;100;SOUZA & SANTON REPR LTDA;
20/02/2023;EMP MEGA 100 COM DE ALIM S A;4059;100;SOUZA & SANTON REPR LTDA;
20/02/2023;MERC CHAMA LTDA;4059;12;SOUZA & SANTON REPR LTDA;
20/02/2023;COML CHOCOLANDIA LTDA;4059;3;SOUZA & SANTON REPR LTDA;
20/02/2023;COML CHOCOLANDIA LTDA;4059;3;SOUZA & SANTON REPR LTDA;
27/03/2023;EMPORIO MUNDO SAUDAVEL LTDA;4059;5;SOUZA & SANTON REPR LTDA;
27/03/2023;EMPORIO MUNDO SAUDAVEL LTDA;4059;5;SOUZA & SANTON REPR LTDA;
30/03/2023;COML CHOCOLANDIA LTDA;4059;5;SOUZA & SANTON REPR LTDA;
30/03/2023;COML CHOCOLANDIA LTDA;4059;5;SOUZA & SANTON REPR LTDA;
12/05/2023;EMP MEGA 100 COM DE ALIM S A;4059;200;SOUZA & SANTON REPR LTDA;
12/05/2023;BENEFIT COM E EXP DE ALIM EIRELI EM REC JUDICIAL;4059;50;SOUZA & SANTON REPR LTDA;
12/05/2023;COML CHOCOLANDIA LTDA;4059;2;SOUZA & SANTON REPR LTDA;
12/05/2023;COML CHOCOLANDIA LTDA;4059;2;SOUZA & SANTON REPR LTDA;
16/05/2023;EMP MEGA 100 COM DE ALIM S A;4059;200;SOUZA & SANTON REPR LTDA;
25/05/2023;MERC CHAMA LTDA;4059;11;SOUZA & SANTON REPR LTDA;
25/05/2023;DOMICILI IND E COM DE ALIM LTDA;4059;50;SOUZA & SANTON REPR LTDA;
07/06/2023;COML CHOCOLANDIA LTDA;4059;1;SOUZA & SANTON REPR LTDA;
07/06/2023;COML CHOCOLANDIA LTDA;4059;1;SOUZA & SANTON REPR LTDA;
12/06/2023;EMP MEGA 100 COM DE ALIM S A;4059;300;SOUZA & SANTON REPR LTDA;
12/06/2023;BENEFIT COM E EXP DE ALIM EIRELI EM REC JUDICIAL;4059;417;SOUZA & SANTON REPR LTDA;
12/01/2023;PUBLIC COM ATAC E VAREJ DE ALIM LTDA;4117;15;SOUZA & SANTON REPR LTDA;
12/01/2023;5M COM ATAC E VAREJ DE ALIM LTDA;4117;25;SOUZA & SANTON REPR LTDA;
12/01/2023;SM ALABARCE LTDA;4117;30;SOUZA & SANTON REPR LTDA;
24/01/2023;EMP RAFAELLA LTDA;4117;5;SOUZA & SANTON REPR LTDA;
24/01/2023;EMP RAFAELLA LTDA;4117;5;SOUZA & SANTON REPR LTDA;
24/01/2023;EMP RAFAELLA LTDA;4117;5;SOUZA & SANTON REPR LTDA;
26/01/2023;707 AUTO SERV DE ALIM LTDA;4117;15;SOUZA & SANTON REPR LTDA;
26/01/2023;707 AUTO SERV DE ALIM LTDA;4117;30;SOUZA & SANTON REPR LTDA;
26/01/2023;707 AUTO SERV DE ALIM LTDA;4117;20;SOUZA & SANTON REPR LTDA;
26/01/2023;707 AUTO SERV DE ALIM LTDA;4117;40;SOUZA & SANTON REPR LTDA;
26/01/2023;707 AUTO SERV DE ALIM LTDA;4117;60;SOUZA & SANTON REPR LTDA;
26/01/2023;707 AUTO SERV DE ALIM LTDA;4117;30;SOUZA & SANTON REPR LTDA;
26/01/2023;707 AUTO SERV DE ALIM LTDA;4117;20;SOUZA & SANTON REPR LTDA;
26/01/2023;LAT CAMANDUCAIA LTDA;4117;50;SOUZA & SANTON REPR LTDA;
26/01/2023;ARM SAO VITO COM DE PROD ALIM LTDA;4117;15;SOUZA & SANTON REPR LTDA;
26/01/2023;ARM SAO VITO COM DE PROD ALIM LTDA;4117;15;SOUZA & SANTON REPR LTDA;
26/01/2023;ARM SAO VITO COM DE PROD ALIM LTDA;4117;15;SOUZA & SANTON REPR LTDA;
15/02/2023;M J LOPES COM DE PROD ALIM LTDA;4117;5;SOUZA & SANTON REPR LTDA;
15/02/2023;M J LOPES COM DE PROD ALIM LTDA;4117;5;SOUZA & SANTON REPR LTDA;
15/02/2023;M J LOPES COM DE PROD ALIM LTDA;4117;5;SOUZA & SANTON REPR LTDA;
15/02/2023;MERC IPANEMA LTDA;4117;4;SOUZA & SANTON REPR LTDA;
15/02/2023;MERC IPANEMA LTDA;4117;10;SOUZA & SANTON REPR LTDA;
15/02/2023;MERC IPANEMA LTDA;4117;9;SOUZA & SANTON REPR LTDA;
15/02/2023;COML QUALITY SERV LTDA;4117;11;SOUZA & SANTON REPR LTDA;
20/02/2023;LA GUAPA EMPORIO E EMPANADAS S A;4117;1;SOUZA & SANTON REPR LTDA;
20/02/2023;MERC CHAMA LTDA;4117;37;SOUZA & SANTON REPR LTDA;
20/02/2023;TRIMAIS SM LTDA ;4117;20;SOUZA & SANTON REPR LTDA;
20/02/2023;EMP SABORNUT PROD ALIM LTDA;4117;5;SOUZA & SANTON REPR LTDA;
20/02/2023;EMP SABORNUT PROD ALIM LTDA;4117;5;SOUZA & SANTON REPR LTDA;
20/02/2023;EMP SABORNUT PROD ALIM LTDA;4117;5;SOUZA & SANTON REPR LTDA;
20/02/2023;EMP SABORNUT PROD ALIM LTDA;4117;5;SOUZA & SANTON REPR LTDA;
20/02/2023;COML CHOCOLANDIA LTDA;4117;4;SOUZA & SANTON REPR LTDA;
20/02/2023;COML CHOCOLANDIA LTDA;4117;4;SOUZA & SANTON REPR LTDA;
20/02/2023;PUBLIC COM ATAC E VAREJ DE ALIM LTDA;4117;35;SOUZA & SANTON REPR LTDA;
20/02/2023;MERC BEM BARATO LTDA;4117;15;SOUZA & SANTON REPR LTDA;
20/02/2023;5M COM ATAC E VAREJ DE ALIM LTDA;4117;5;SOUZA & SANTON REPR LTDA;
20/02/2023;5M COM ATAC E VAREJ DE ALIM LTDA;4117;7;SOUZA & SANTON REPR LTDA;
20/02/2023;5M COMERCIO ATACADISTA E VAREJISTA DE ALIMENTOS LTDA.;4117;10;SOUZA & SANTON REPR LTDA;
21/02/2023;SUPERMERCADO DA FREGUESIA EIRELI;4117;1;SOUZA & SANTON REPR LTDA;
21/02/2023;SUPERMERCADO DA FREGUESIA EIRELI;4117;1;SOUZA & SANTON REPR LTDA;
22/02/2023;5M COM ATAC E VAREJ DE ALIM LTDA;4117;2;SOUZA & SANTON REPR LTDA;
23/03/2023;M P LAHAM;4117;5;SOUZA & SANTON REPR LTDA;
23/03/2023;M P LAHAM;4117;5;SOUZA & SANTON REPR LTDA;
23/03/2023;M P LAHAM;4117;5;SOUZA & SANTON REPR LTDA;
23/03/2023;5M COM ATAC E VAREJ DE ALIM LTDA;4117;20;SOUZA & SANTON REPR LTDA;
23/03/2023;PUBLIC COM ATAC E VAREJ DE ALIM LTDA;4117;30;SOUZA & SANTON REPR LTDA;
23/03/2023;SM KACULA LTDA;4117;3;SOUZA & SANTON REPR LTDA;
23/03/2023;ATAC DO NATURAL COM E IMP DE PROD ALIM LTDA;4117;4;SOUZA & SANTON REPR LTDA;
23/03/2023;ATAC DO NATURAL COM E IMP DE PROD ALIM LTDA;4117;4;SOUZA & SANTON REPR LTDA;
23/03/2023;ATAC DO NATURAL COM E IMP DE PROD ALIM LTDA;4117;4;SOUZA & SANTON REPR LTDA;
23/03/2023;707 AUTO SERV DE ALIM LTDA;4117;30;SOUZA & SANTON REPR LTDA;
23/03/2023;707 AUTO SERV DE ALIM LTDA;4117;30;SOUZA & SANTON REPR LTDA;
23/03/2023;707 AUTO SERV DE ALIM LTDA;4117;30;SOUZA & SANTON REPR LTDA;
23/03/2023;707 AUTO SERV DE ALIM LTDA;4117;60;SOUZA & SANTON REPR LTDA;
23/03/2023;707 AUTO SERV DE ALIM LTDA;4117;60;SOUZA & SANTON REPR LTDA;
23/03/2023;707 AUTO SERV DE ALIM LTDA;4117;50;SOUZA & SANTON REPR LTDA;
23/03/2023;707 AUTO SERV DE ALIM LTDA;4117;40;SOUZA & SANTON REPR LTDA;
27/03/2023;MERC KM VINTE E CINCO LTDA;4117;4;SOUZA & SANTON REPR LTDA;
27/03/2023;JAQUELINE RODRIGUES MEDEIROS;4117;10;SOUZA & SANTON REPR LTDA;
27/03/2023;PIRES COM DE CEREAIS E CONDIMENTOS LTDA;4117;6;SOUZA & SANTON REPR LTDA;
27/03/2023;ARM SAO VITO COM DE PROD ALIM LTDA;4117;20;SOUZA & SANTON REPR LTDA;
27/03/2023;ARM SAO VITO COM DE PROD ALIM LTDA;4117;20;SOUZA & SANTON REPR LTDA;
27/03/2023;ARM SAO VITO COM DE PROD ALIM LTDA;4117;20;SOUZA & SANTON REPR LTDA;
27/03/2023;ANDORINHA SM LTDA;4117;300;SOUZA & SANTON REPR LTDA;
27/03/2023;EMPORIO MUNDO SAUDAVEL LTDA;4117;2;SOUZA & SANTON REPR LTDA;
27/03/2023;EMPORIO MUNDO SAUDAVEL LTDA;4117;2;SOUZA & SANTON REPR LTDA;
27/03/2023;DIAS PASTORINHO S/A COMER. E IND.;4117;40;SOUZA & SANTON REPR LTDA;
27/03/2023;DIAS PASTORINHO S/A COMER. E IND.;4117;40;SOUZA & SANTON REPR LTDA;
27/03/2023;DIAS PASTORINHO S/A COMER. E IND.;4117;40;SOUZA & SANTON REPR LTDA;
30/03/2023;COML CHOCOLANDIA LTDA;4117;5;SOUZA & SANTON REPR LTDA;
30/03/2023;COML CHOCOLANDIA LTDA;4117;5;SOUZA & SANTON REPR LTDA;
11/04/2023;SM ALABARCE LTDA;4117;15;SOUZA & SANTON REPR LTDA;
11/04/2023;OXAN ATAC LTDA;4117;10;SOUZA & SANTON REPR LTDA;
11/04/2023;OXAN ATAC LTDA;4117;10;SOUZA & SANTON REPR LTDA;
11/04/2023;OXAN ATAC LTDA;4117;10;SOUZA & SANTON REPR LTDA;
12/05/2023;PUBLIC COM ATAC E VAREJ DE ALIM LTDA;4117;135;SOUZA & SANTON REPR LTDA;
12/05/2023;SM BEM BARATO SP LTDA;4117;18;SOUZA & SANTON REPR LTDA;
12/05/2023;5M COM ATAC E VAREJ DE ALIM LTDA;4117;60;SOUZA & SANTON REPR LTDA;
12/05/2023;5M COM ATAC E VAREJ DE ALIM LTDA;4117;40;SOUZA & SANTON REPR LTDA;
12/05/2023;5M COM ATAC E VAREJ DE ALIM LTDA;4117;35;SOUZA & SANTON REPR LTDA;
12/05/2023;5M COM ATAC E VAREJ DE ALIM LTDA;4117;40;SOUZA & SANTON REPR LTDA;
12/05/2023;PUBLIC COM ATAC E VAREJ DE ALIM LTDA;4117;65;SOUZA & SANTON REPR LTDA;
12/05/2023;MERC BEM BARATO LTDA;4117;6;SOUZA & SANTON REPR LTDA;
12/05/2023;5M COM ATAC E VAREJ DE ALIM LTDA;4117;30;SOUZA & SANTON REPR LTDA;
12/05/2023;5M COMERCIO ATACADISTA E VAREJISTA DE ALIMENTOS LTDA.;4117;20;SOUZA & SANTON REPR LTDA;
12/05/2023;5M COM ATAC E VAREJ DE ALIM LTDA;4117;15;SOUZA & SANTON REPR LTDA;
12/05/2023;5M COM ATAC E VAREJ DE ALIM LTDA;4117;40;SOUZA & SANTON REPR LTDA;
12/05/2023;5M COM ATAC E VAREJ DE ALIM LTDA;4117;10;SOUZA & SANTON REPR LTDA;
12/05/2023;5M COM ATAC E VAREJ DE ALIM LTDA;4117;12;SOUZA & SANTON REPR LTDA;
12/05/2023;TRIMAIS SM LTDA;4117;15;SOUZA & SANTON REPR LTDA;
12/05/2023;TRIMAIS SM LTDA ;4117;35;SOUZA & SANTON REPR LTDA;
12/05/2023;CSP SATO SM LTDA;4117;4;SOUZA & SANTON REPR LTDA;
12/05/2023;MERC PRIMALTER LTDA;4117;10;SOUZA & SANTON REPR LTDA;
12/05/2023;MERC PRIMALTER LTDA;4117;10;SOUZA & SANTON REPR LTDA;
12/05/2023;MERC PRIMALTER LTDA;4117;10;SOUZA & SANTON REPR LTDA;
12/05/2023;MERC IPANEMA LTDA;4117;22;SOUZA & SANTON REPR LTDA;
12/05/2023;COML QUALITY SERV LTDA;4117;13;SOUZA & SANTON REPR LTDA;
12/05/2023;MERC IPANEMA LTDA;4117;7;SOUZA & SANTON REPR LTDA;
12/05/2023;EMP CASA DO SABOR PROD ALIM LTDA;4117;3;SOUZA & SANTON REPR LTDA;
12/05/2023;EMP CASA DO SABOR PROD ALIM LTDA;4117;3;SOUZA & SANTON REPR LTDA;
12/05/2023;EMP CASA DO SABOR PROD ALIM LTDA;4117;3;SOUZA & SANTON REPR LTDA;
12/05/2023;LAT CAMANDUCAIA LTDA;4117;30;SOUZA & SANTON REPR LTDA;
12/05/2023;SM KACULA LTDA;4117;10;SOUZA & SANTON REPR LTDA;
12/05/2023;COML CHOCOLANDIA LTDA;4117;2;SOUZA & SANTON REPR LTDA;
12/05/2023;COML CHOCOLANDIA LTDA;4117;2;SOUZA & SANTON REPR LTDA;
12/05/2023;SM KACULA LTDA;4117;10;SOUZA & SANTON REPR LTDA;
12/05/2023;SM KACULA LTDA;4117;10;SOUZA & SANTON REPR LTDA;
25/05/2023;MERC CHAMA LTDA;4117;42;SOUZA & SANTON REPR LTDA;
25/05/2023;LAT CAMANDUCAIA LTDA;4117;20;SOUZA & SANTON REPR LTDA;
25/05/2023;COML DE ALIM BOM VIZINHO LTDA;4117;2;SOUZA & SANTON REPR LTDA;
25/05/2023;ARM SAO VITO COM DE PROD ALIM LTDA;4117;9;SOUZA & SANTON REPR LTDA;
25/05/2023;ARM SAO VITO COM DE PROD ALIM LTDA;4117;9;SOUZA & SANTON REPR LTDA;
25/05/2023;ARM SAO VITO COM DE PROD ALIM LTDA;4117;9;SOUZA & SANTON REPR LTDA;
29/05/2023;SM KACULA LTDA;4117;5;SOUZA & SANTON REPR LTDA;
29/05/2023;SM KACULA LTDA;4117;5;SOUZA & SANTON REPR LTDA;
29/05/2023;SM KACULA LTDA;4117;4;SOUZA & SANTON REPR LTDA;
07/06/2023;707 AUTO SERV DE ALIM LTDA;4117;10;SOUZA & SANTON REPR LTDA;
07/06/2023;707 AUTO SERV DE ALIM LTDA;4117;20;SOUZA & SANTON REPR LTDA;
07/06/2023;707 AUTO SERV DE ALIM LTDA;4117;40;SOUZA & SANTON REPR LTDA;
07/06/2023;707 AUTO SERV DE ALIM LTDA;4117;20;SOUZA & SANTON REPR LTDA;
07/06/2023;COMPRA FACIL SM LTDA;4117;3;SOUZA & SANTON REPR LTDA;
07/06/2023;COMPRA FACIL SM LTDA;4117;3;SOUZA & SANTON REPR LTDA;
07/06/2023;COMPRA FACIL SM LTDA;4117;3;SOUZA & SANTON REPR LTDA;
07/06/2023;COML CHOCOLANDIA LTDA;4117;12;SOUZA & SANTON REPR LTDA;
07/06/2023;COML CHOCOLANDIA LTDA;4117;12;SOUZA & SANTON REPR LTDA;
07/06/2023;COM DE ALIM RRS LTDA;4117;3;SOUZA & SANTON REPR LTDA;
07/06/2023;COM DE ALIM RRS LTDA;4117;3;SOUZA & SANTON REPR LTDA;
07/06/2023;ATAC DO NATURAL COM E IMP DE PROD ALIM LTDA;4117;2;SOUZA & SANTON REPR LTDA;
07/06/2023;M J LOPES COM DE PROD ALIM LTDA;4117;10;SOUZA & SANTON REPR LTDA;
07/06/2023;M J LOPES COM DE PROD ALIM LTDA;4117;10;SOUZA & SANTON REPR LTDA;
07/06/2023;M J LOPES COM DE PROD ALIM LTDA;4117;10;SOUZA & SANTON REPR LTDA;
07/06/2023;MERC IPANEMA LTDA;4117;3;SOUZA & SANTON REPR LTDA;
07/06/2023;MERC IPANEMA LTDA;4117;4;SOUZA & SANTON REPR LTDA;
07/06/2023;MERC IPANEMA LTDA;4117;12;SOUZA & SANTON REPR LTDA;
07/06/2023;MERC IPANEMA LTDA;4117;8;SOUZA & SANTON REPR LTDA;
07/06/2023;COML QUALITY SERV LTDA;4117;12;SOUZA & SANTON REPR LTDA;
07/06/2023;SM BEM BARATO DIADEMA LTDA;4117;10;SOUZA & SANTON REPR LTDA;
07/06/2023;MERC BEM BARATO LTDA;4117;8;SOUZA & SANTON REPR LTDA;
07/06/2023;5M COM ATAC E VAREJ DE ALIM LTDA;4117;15;SOUZA & SANTON REPR LTDA;
07/06/2023;5M COM ATAC E VAREJ DE ALIM LTDA;4117;5;SOUZA & SANTON REPR LTDA;
07/06/2023;5M COM ATAC E VAREJ DE ALIM LTDA;4117;15;SOUZA & SANTON REPR LTDA;
07/06/2023;PUBLIC COM ATAC E VAREJ DE ALIM LTDA;4117;10;SOUZA & SANTON REPR LTDA;
07/06/2023;5M COM ATAC E VAREJ DE ALIM LTDA;4117;10;SOUZA & SANTON REPR LTDA;
07/06/2023;5M COM ATAC E VAREJ DE ALIM LTDA;4117;20;SOUZA & SANTON REPR LTDA;
07/06/2023;5M COM ATAC E VAREJ DE ALIM LTDA;4117;20;SOUZA & SANTON REPR LTDA;
07/06/2023;5M COM ATAC E VAREJ DE ALIM LTDA;4117;15;SOUZA & SANTON REPR LTDA;
07/06/2023;5M COM ATAC E VAREJ DE ALIM LTDA;4117;10;SOUZA & SANTON REPR LTDA;
07/06/2023;5M COMERCIO ATACADISTA E VAREJISTA DE ALIMENTOS LTDA.;4117;20;SOUZA & SANTON REPR LTDA;
07/06/2023;5M COM ATAC E VAREJ DE ALIM LTDA;4117;8;SOUZA & SANTON REPR LTDA;
07/06/2023;SM ALABARCE LTDA;4117;25;SOUZA & SANTON REPR LTDA;
07/06/2023;COMPRA FACIL SM LTDA;4117;2;SOUZA & SANTON REPR LTDA;
07/06/2023;COMPRA FACIL SM LTDA;4117;2;SOUZA & SANTON REPR LTDA;
07/06/2023;SM ALABARCE LTDA;4117;5;SOUZA & SANTON REPR LTDA;
07/06/2023;ANDORINHA SM LTDA;4117;100;SOUZA & SANTON REPR LTDA;
15/06/2023;CSP SATO SM LTDA;4117;2;SOUZA & SANTON REPR LTDA;
15/06/2023;TRIMAIS SM LTDA ;4117;30;SOUZA & SANTON REPR LTDA;
15/06/2023;TRIMAIS SM LTDA;4117;15;SOUZA & SANTON REPR LTDA;
15/06/2023;M P LAHAM;4117;3;SOUZA & SANTON REPR LTDA;
15/06/2023;M P LAHAM;4117;3;SOUZA & SANTON REPR LTDA;
15/06/2023;M P LAHAM;4117;3;SOUZA & SANTON REPR LTDA;
15/06/2023;ARM SAO VITO COM DE PROD ALIM LTDA;4117;10;SOUZA & SANTON REPR LTDA;
15/06/2023;ARM SAO VITO COM DE PROD ALIM LTDA;4117;10;SOUZA & SANTON REPR LTDA;
20/06/2023;RICARDO BORGES LIMA 35831275876;4117;1;SOUZA & SANTON REPR LTDA;
20/06/2023;RICARDO BORGES LIMA 35831275876;4117;1;SOUZA & SANTON REPR LTDA;
09/01/2023;ROLDAO AUTO SERV COM DE ALIM LTDA;4783;600;SOUZA & SANTON REPR LTDA;
24/01/2023;EMP RAFAELLA LTDA;4783;3;SOUZA & SANTON REPR LTDA;
24/01/2023;EMP RAFAELLA LTDA;4783;3;SOUZA & SANTON REPR LTDA;
24/01/2023;EMP RAFAELLA LTDA;4783;3;SOUZA & SANTON REPR LTDA;
26/01/2023;FEDERZONI SERPA COM DE ALIM LTDA;4783;11;SOUZA & SANTON REPR LTDA;
15/02/2023;GUSTAVO ZANHOLO CONTIM;4783;5;SOUZA & SANTON REPR LTDA;
15/02/2023;GUSTAVO ZANHOLO CONTIM;4783;5;SOUZA & SANTON REPR LTDA;
20/02/2023;MERC CHAMA LTDA;4783;13;SOUZA & SANTON REPR LTDA;
20/02/2023;COML CHOCOLANDIA LTDA;4783;5;SOUZA & SANTON REPR LTDA;
20/02/2023;COML CHOCOLANDIA LTDA;4783;5;SOUZA & SANTON REPR LTDA;
20/02/2023;FEDERZONI SERPA COM DE ALIM LTDA;4783;15;SOUZA & SANTON REPR LTDA;
27/03/2023;COMPRA FACIL SM LTDA;4783;2;SOUZA & SANTON REPR LTDA;
27/03/2023;COMPRA FACIL SM LTDA;4783;2;SOUZA & SANTON REPR LTDA;
27/03/2023;COMPRA FACIL SM LTDA;4783;2;SOUZA & SANTON REPR LTDA;
27/03/2023;ANDORINHA SM LTDA;4783;100;SOUZA & SANTON REPR LTDA;
30/03/2023;JAQUELINE RODRIGUES MEDEIROS;4783;10;SOUZA & SANTON REPR LTDA;
30/03/2023;JAQUELINE RODRIGUES MEDEIROS;4783;10;SOUZA & SANTON REPR LTDA;
30/03/2023;COML CHOCOLANDIA LTDA;4783;6;SOUZA & SANTON REPR LTDA;
30/03/2023;COML CHOCOLANDIA LTDA;4783;6;SOUZA & SANTON REPR LTDA;
12/05/2023;MERC PRIMALTER LTDA;4783;10;SOUZA & SANTON REPR LTDA;
12/05/2023;MERC PRIMALTER LTDA;4783;10;SOUZA & SANTON REPR LTDA;
12/05/2023;MERC PRIMALTER LTDA;4783;10;SOUZA & SANTON REPR LTDA;
12/05/2023;COML CHOCOLANDIA LTDA;4783;2;SOUZA & SANTON REPR LTDA;
12/05/2023;COML CHOCOLANDIA LTDA;4783;2;SOUZA & SANTON REPR LTDA;
12/05/2023;FEDERZONI SERPA COM DE ALIM LTDA;4783;10;SOUZA & SANTON REPR LTDA;
25/05/2023;MERC CHAMA LTDA;4783;8;SOUZA & SANTON REPR LTDA;
07/06/2023;COMPRA FACIL SM LTDA;4783;1;SOUZA & SANTON REPR LTDA;
07/06/2023;COMPRA FACIL SM LTDA;4783;1;SOUZA & SANTON REPR LTDA;
07/06/2023;COMPRA FACIL SM LTDA;4783;1;SOUZA & SANTON REPR LTDA;
07/06/2023;COML CHOCOLANDIA LTDA;4783;4;SOUZA & SANTON REPR LTDA;
07/06/2023;COML CHOCOLANDIA LTDA;4783;4;SOUZA & SANTON REPR LTDA;
07/06/2023;GUSTAVO ZANHOLO CONTIM;4783;6;SOUZA & SANTON REPR LTDA;
07/06/2023;GUSTAVO ZANHOLO CONTIM;4783;6;SOUZA & SANTON REPR LTDA;
07/06/2023;ANDORINHA SM LTDA;4783;100;SOUZA & SANTON REPR LTDA;
15/06/2023;FEDERZONI SERPA COM DE ALIM LTDA;4783;10;SOUZA & SANTON REPR LTDA;
20/06/2023;RICARDO BORGES LIMA 35831275876;4783;1;SOUZA & SANTON REPR LTDA;
20/06/2023;RICARDO BORGES LIMA 35831275876;4783;1;SOUZA & SANTON REPR LTDA;
12/01/2023;5M COM ATAC E VAREJ DE ALIM LTDA;4011S;10;SOUZA & SANTON REPR LTDA;
12/01/2023;SM ALABARCE LTDA;4011S;80;SOUZA & SANTON REPR LTDA;
17/01/2023;SUPERVAREJAO SAUDE LTDA;4011S;10;SOUZA & SANTON REPR LTDA;
24/01/2023;NAT NUTRE ALIM EIRELI;4011S;25;SOUZA & SANTON REPR LTDA;
26/01/2023;707 AUTO SERV DE ALIM LTDA;4011S;25;SOUZA & SANTON REPR LTDA;
26/01/2023;707 AUTO SERV DE ALIM LTDA;4011S;25;SOUZA & SANTON REPR LTDA;
26/01/2023;707 AUTO SERV DE ALIM LTDA;4011S;25;SOUZA & SANTON REPR LTDA;
26/01/2023;707 AUTO SERV DE ALIM LTDA;4011S;40;SOUZA & SANTON REPR LTDA;
26/01/2023;707 AUTO SERV DE ALIM LTDA;4011S;40;SOUZA & SANTON REPR LTDA;
26/01/2023;707 AUTO SERV DE ALIM LTDA;4011S;30;SOUZA & SANTON REPR LTDA;
26/01/2023;707 AUTO SERV DE ALIM LTDA;4011S;30;SOUZA & SANTON REPR LTDA;
26/01/2023;FEDERZONI SERPA COM DE ALIM LTDA;4011S;4;SOUZA & SANTON REPR LTDA;
26/01/2023;LAT CAMANDUCAIA LTDA;4011S;30;SOUZA & SANTON REPR LTDA;
26/01/2023;ARM SAO VITO COM DE PROD ALIM LTDA;4011S;10;SOUZA & SANTON REPR LTDA;
26/01/2023;ARM SAO VITO COM DE PROD ALIM LTDA;4011S;10;SOUZA & SANTON REPR LTDA;
26/01/2023;ARM SAO VITO COM DE PROD ALIM LTDA;4011S;10;SOUZA & SANTON REPR LTDA;
26/01/2023;SILVA E BARBOSA COM DE ALIM LTDA;4011S;100;SOUZA & SANTON REPR LTDA;
15/02/2023;GUSTAVO ZANHOLO CONTIM;4011S;1;SOUZA & SANTON REPR LTDA;
15/02/2023;GUSTAVO ZANHOLO CONTIM;4011S;1;SOUZA & SANTON REPR LTDA;
15/02/2023;M J LOPES COM DE PROD ALIM LTDA;4011S;10;SOUZA & SANTON REPR LTDA;
15/02/2023;M J LOPES COM DE PROD ALIM LTDA;4011S;10;SOUZA & SANTON REPR LTDA;
15/02/2023;M J LOPES COM DE PROD ALIM LTDA;4011S;10;SOUZA & SANTON REPR LTDA;
15/02/2023;SUPERVAREJAO SAUDE LTDA;4011S;10;SOUZA & SANTON REPR LTDA;
20/02/2023;LAT SAO CARLOS LTDA;4011S;20;SOUZA & SANTON REPR LTDA;
20/02/2023;LAT SAO CARLOS LTDA;4011S;20;SOUZA & SANTON REPR LTDA;
20/02/2023;LOGDIS SERVICOS, LOGISTICA, DISTRIBUICAO E ARMAZENAGEM LTDA;4011S;150;SOUZA & SANTON REPR LTDA;
20/02/2023;ATAC SP COM E IMP LTDA;4011S;20;SOUZA & SANTON REPR LTDA;
20/02/2023;ATAC SP COM E IMP LTDA;4011S;20;SOUZA & SANTON REPR LTDA;
20/02/2023;JORGESAM COM DE TEMPEROS LTDA;4011S;10;SOUZA & SANTON REPR LTDA;
20/02/2023;JORGESAM COM DE TEMPEROS LTDA;4011S;10;SOUZA & SANTON REPR LTDA;
20/02/2023;JORGESAM COM DE TEMPEROS LTDA;4011S;10;SOUZA & SANTON REPR LTDA;
20/02/2023;TRIMAIS SM LTDA ;4011S;5;SOUZA & SANTON REPR LTDA;
20/02/2023;TRIMAIS SM LTDA;4011S;15;SOUZA & SANTON REPR LTDA;
20/02/2023;EMP SABORNUT PROD ALIM LTDA;4011S;3;SOUZA & SANTON REPR LTDA;
20/02/2023;EMP SABORNUT PROD ALIM LTDA;4011S;3;SOUZA & SANTON REPR LTDA;
20/02/2023;EMP SABORNUT PROD ALIM LTDA;4011S;3;SOUZA & SANTON REPR LTDA;
20/02/2023;EMP SABORNUT PROD ALIM LTDA;4011S;3;SOUZA & SANTON REPR LTDA;
20/02/2023;COML CHOCOLANDIA LTDA;4011S;3;SOUZA & SANTON REPR LTDA;
20/02/2023;COML CHOCOLANDIA LTDA;4011S;3;SOUZA & SANTON REPR LTDA;
20/02/2023;FEDERZONI SERPA COM DE ALIM LTDA;4011S;20;SOUZA & SANTON REPR LTDA;
21/02/2023;SUPERMERCADO DA FREGUESIA EIRELI;4011S;2;SOUZA & SANTON REPR LTDA;
21/02/2023;SUPERMERCADO DA FREGUESIA EIRELI;4011S;2;SOUZA & SANTON REPR LTDA;
22/02/2023;SUPERVAREJAO SAUDE LTDA;4011S;10;SOUZA & SANTON REPR LTDA;
22/02/2023;5M COM ATAC E VAREJ DE ALIM LTDA;4011S;20;SOUZA & SANTON REPR LTDA;
23/03/2023;5M COM ATAC E VAREJ DE ALIM LTDA;4011S;20;SOUZA & SANTON REPR LTDA;
23/03/2023;PUBLIC COM ATAC E VAREJ DE ALIM LTDA;4011S;3;SOUZA & SANTON REPR LTDA;
23/03/2023;SM KACULA LTDA;4011S;35;SOUZA & SANTON REPR LTDA;
23/03/2023;SM KACULA LTDA;4011S;27;SOUZA & SANTON REPR LTDA;
23/03/2023;SM KACULA LTDA;4011S;10;SOUZA & SANTON REPR LTDA;
23/03/2023;SM KACULA LTDA;4011S;3;SOUZA & SANTON REPR LTDA;
23/03/2023;SM KACULA LTDA;4011S;25;SOUZA & SANTON REPR LTDA;
23/03/2023;NAT NUTRE ALIM EIRELI;4011S;16;SOUZA & SANTON REPR LTDA;
23/03/2023;ATAC DO NATURAL COM E IMP DE PROD ALIM LTDA;4011S;4;SOUZA & SANTON REPR LTDA;
23/03/2023;ATAC DO NATURAL COM E IMP DE PROD ALIM LTDA;4011S;4;SOUZA & SANTON REPR LTDA;
23/03/2023;ATAC DO NATURAL COM E IMP DE PROD ALIM LTDA;4011S;4;SOUZA & SANTON REPR LTDA;
27/03/2023;ARM SAO VITO COM DE PROD ALIM LTDA;4011S;5;SOUZA & SANTON REPR LTDA;
27/03/2023;ARM SAO VITO COM DE PROD ALIM LTDA;4011S;5;SOUZA & SANTON REPR LTDA;
27/03/2023;ARM SAO VITO COM DE PROD ALIM LTDA;4011S;5;SOUZA & SANTON REPR LTDA;
27/03/2023;ANDORINHA SM LTDA;4011S;88;SOUZA & SANTON REPR LTDA;
27/03/2023;EMPORIO MUNDO SAUDAVEL LTDA;4011S;2;SOUZA & SANTON REPR LTDA;
27/03/2023;EMPORIO MUNDO SAUDAVEL LTDA;4011S;2;SOUZA & SANTON REPR LTDA;
27/03/2023;DIAS PASTORINHO S/A COMER. E IND.;4011S;20;SOUZA & SANTON REPR LTDA;
27/03/2023;DIAS PASTORINHO S/A COMER. E IND.;4011S;20;SOUZA & SANTON REPR LTDA;
27/03/2023;DIAS PASTORINHO S/A COMER. E IND.;4011S;20;SOUZA & SANTON REPR LTDA;
27/03/2023;FLAVIO HENRIQUE A CRUZ MERC;4011S;3;SOUZA & SANTON REPR LTDA;
27/03/2023;FLAVIO HENRIQUE A CRUZ MERC;4011S;3;SOUZA & SANTON REPR LTDA;
30/03/2023;CALVO COM E IMP LTDA;4011S;100;SOUZA & SANTON REPR LTDA;
30/03/2023;CALVO COM E IMP LTDA;4011S;100;SOUZA & SANTON REPR LTDA;
30/03/2023;CALVO COM E IMP LTDA;4011S;100;SOUZA & SANTON REPR LTDA;
30/03/2023;COML CHOCOLANDIA LTDA;4011S;6;SOUZA & SANTON REPR LTDA;
30/03/2023;COML CHOCOLANDIA LTDA;4011S;6;SOUZA & SANTON REPR LTDA;
11/04/2023;SM ALABARCE LTDA;4011S;20;SOUZA & SANTON REPR LTDA;
11/04/2023;GUSTAVO ZANHOLO CONTIM;4011S;6;SOUZA & SANTON REPR LTDA;
11/04/2023;GUSTAVO ZANHOLO CONTIM;4011S;6;SOUZA & SANTON REPR LTDA;
11/04/2023;OXAN ATAC LTDA;4011S;10;SOUZA & SANTON REPR LTDA;
11/04/2023;OXAN ATAC LTDA;4011S;10;SOUZA & SANTON REPR LTDA;
11/04/2023;OXAN ATAC LTDA;4011S;10;SOUZA & SANTON REPR LTDA;
12/05/2023;PUBLIC COM ATAC E VAREJ DE ALIM LTDA;4011S;15;SOUZA & SANTON REPR LTDA;
12/05/2023;5M COM ATAC E VAREJ DE ALIM LTDA;4011S;10;SOUZA & SANTON REPR LTDA;
12/05/2023;5M COM ATAC E VAREJ DE ALIM LTDA;4011S;5;SOUZA & SANTON REPR LTDA;
12/05/2023;SM BEM BARATO DIADEMA LTDA;4011S;2;SOUZA & SANTON REPR LTDA;
12/05/2023;5M COM ATAC E VAREJ DE ALIM LTDA;4011S;5;SOUZA & SANTON REPR LTDA;
12/05/2023;PUBLIC COM ATAC E VAREJ DE ALIM LTDA;4011S;10;SOUZA & SANTON REPR LTDA;
12/05/2023;5M COM ATAC E VAREJ DE ALIM LTDA;4011S;10;SOUZA & SANTON REPR LTDA;
12/05/2023;5M COM ATAC E VAREJ DE ALIM LTDA;4011S;10;SOUZA & SANTON REPR LTDA;
12/05/2023;TRIMAIS SM LTDA;4011S;10;SOUZA & SANTON REPR LTDA;
12/05/2023;TRIMAIS SM LTDA ;4011S;30;SOUZA & SANTON REPR LTDA;
12/05/2023;MERC PRIMALTER LTDA;4011S;5;SOUZA & SANTON REPR LTDA;
12/05/2023;MERC PRIMALTER LTDA;4011S;5;SOUZA & SANTON REPR LTDA;
12/05/2023;MERC PRIMALTER LTDA;4011S;5;SOUZA & SANTON REPR LTDA;
12/05/2023;EMP CASA DO SABOR PROD ALIM LTDA;4011S;2;SOUZA & SANTON REPR LTDA;
12/05/2023;EMP CASA DO SABOR PROD ALIM LTDA;4011S;2;SOUZA & SANTON REPR LTDA;
12/05/2023;EMP CASA DO SABOR PROD ALIM LTDA;4011S;2;SOUZA & SANTON REPR LTDA;
12/05/2023;T DA C CABRAL COM E DISTR DE PROD NATURAIS;4011S;1;SOUZA & SANTON REPR LTDA;
12/05/2023;LAT CAMANDUCAIA LTDA;4011S;10;SOUZA & SANTON REPR LTDA;
12/05/2023;SUPERVAREJAO SAUDE LTDA;4011S;10;SOUZA & SANTON REPR LTDA;
12/05/2023;SM KACULA LTDA;4011S;10;SOUZA & SANTON REPR LTDA;
12/05/2023;COML CHOCOLANDIA LTDA;4011S;4;SOUZA & SANTON REPR LTDA;
12/05/2023;COML CHOCOLANDIA LTDA;4011S;4;SOUZA & SANTON REPR LTDA;
12/05/2023;SM KACULA LTDA;4011S;5;SOUZA & SANTON REPR LTDA;
12/05/2023;SM KACULA LTDA;4011S;10;SOUZA & SANTON REPR LTDA;
12/05/2023;FEDERZONI SERPA COM DE ALIM LTDA;4011S;10;SOUZA & SANTON REPR LTDA;
16/05/2023;SILVA E BARBOSA COM DE ALIM LTDA;4011S;130;SOUZA & SANTON REPR LTDA;
16/05/2023;SM ROSSI NEW LTDA;4011S;25;SOUZA & SANTON REPR LTDA;
16/05/2023;SM ROSSI NEW LTDA;4011S;25;SOUZA & SANTON REPR LTDA;
16/05/2023;SM ROSSI NEW LTDA;4011S;25;SOUZA & SANTON REPR LTDA;
16/05/2023;SUPERMERCADO ROSSI NEW LTDA;4011S;20;SOUZA & SANTON REPR LTDA;
16/05/2023;SUPERMERCADO ROSSI NEW LTDA;4011S;20;SOUZA & SANTON REPR LTDA;
16/05/2023;SUPERMERCADO ROSSI NEW LTDA;4011S;20;SOUZA & SANTON REPR LTDA;
16/05/2023;SM ROSSI NEW LTDA;4011S;25;SOUZA & SANTON REPR LTDA;
16/05/2023;SM ROSSI NEW LTDA;4011S;25;SOUZA & SANTON REPR LTDA;
16/05/2023;SM ROSSI NEW LTDA;4011S;25;SOUZA & SANTON REPR LTDA;
25/05/2023;SM ROSSI NEW LTDA;4011S;10;SOUZA & SANTON REPR LTDA;
25/05/2023;SM ROSSI NEW LTDA;4011S;10;SOUZA & SANTON REPR LTDA;
25/05/2023;SM ROSSI NEW LTDA;4011S;10;SOUZA & SANTON REPR LTDA;
25/05/2023;SM ROSSI NEW LTDA;4011S;20;SOUZA & SANTON REPR LTDA;
25/05/2023;SM ROSSI NEW LTDA;4011S;20;SOUZA & SANTON REPR LTDA;
25/05/2023;SM ROSSI NEW LTDA;4011S;20;SOUZA & SANTON REPR LTDA;
25/05/2023;SM ROSSI NEW LTDA;4011S;30;SOUZA & SANTON REPR LTDA;
25/05/2023;SM ROSSI NEW LTDA;4011S;30;SOUZA & SANTON REPR LTDA;
25/05/2023;SM ROSSI NEW LTDA;4011S;30;SOUZA & SANTON REPR LTDA;
25/05/2023;SM ROSSI NEW LTDA;4011S;15;SOUZA & SANTON REPR LTDA;
25/05/2023;SM ROSSI NEW LTDA;4011S;15;SOUZA & SANTON REPR LTDA;
25/05/2023;SM ROSSI NEW LTDA;4011S;15;SOUZA & SANTON REPR LTDA;
25/05/2023;SM ROSSI NEW LTDA;4011S;30;SOUZA & SANTON REPR LTDA;
25/05/2023;SM ROSSI NEW LTDA;4011S;30;SOUZA & SANTON REPR LTDA;
25/05/2023;SM ROSSI NEW LTDA;4011S;30;SOUZA & SANTON REPR LTDA;
25/05/2023;SM ROSSI NEW LTDA;4011S;20;SOUZA & SANTON REPR LTDA;
25/05/2023;SM ROSSI NEW LTDA;4011S;20;SOUZA & SANTON REPR LTDA;
25/05/2023;SM ROSSI NEW LTDA;4011S;20;SOUZA & SANTON REPR LTDA;
25/05/2023;SM ROSSI NEW LTDA;4011S;25;SOUZA & SANTON REPR LTDA;
25/05/2023;SM ROSSI NEW LTDA;4011S;25;SOUZA & SANTON REPR LTDA;
25/05/2023;SM ROSSI NEW LTDA;4011S;25;SOUZA & SANTON REPR LTDA;
25/05/2023;SM ROSSI NEW LTDA;4011S;25;SOUZA & SANTON REPR LTDA;
25/05/2023;SM ROSSI NEW LTDA;4011S;25;SOUZA & SANTON REPR LTDA;
25/05/2023;SM ROSSI NEW LTDA;4011S;25;SOUZA & SANTON REPR LTDA;
25/05/2023;SM ROSSI NEW LTDA;4011S;15;SOUZA & SANTON REPR LTDA;
25/05/2023;SM ROSSI NEW LTDA;4011S;15;SOUZA & SANTON REPR LTDA;
25/05/2023;SM ROSSI NEW LTDA;4011S;15;SOUZA & SANTON REPR LTDA;
25/05/2023;SM ROSSI NEW LTDA;4011S;20;SOUZA & SANTON REPR LTDA;
25/05/2023;SM ROSSI NEW LTDA;4011S;20;SOUZA & SANTON REPR LTDA;
25/05/2023;SM ROSSI NEW LTDA;4011S;20;SOUZA & SANTON REPR LTDA;
25/05/2023;707 AUTO SERV DE ALIM LTDA;4011S;10;SOUZA & SANTON REPR LTDA;
25/05/2023;707 AUTO SERV DE ALIM LTDA;4011S;20;SOUZA & SANTON REPR LTDA;
25/05/2023;707 AUTO SERV DE ALIM LTDA;4011S;15;SOUZA & SANTON REPR LTDA;
25/05/2023;707 AUTO SERV DE ALIM LTDA;4011S;20;SOUZA & SANTON REPR LTDA;
25/05/2023;707 AUTO SERV DE ALIM LTDA;4011S;30;SOUZA & SANTON REPR LTDA;
25/05/2023;707 AUTO SERV DE ALIM LTDA;4011S;20;SOUZA & SANTON REPR LTDA;
25/05/2023;707 AUTO SERV DE ALIM LTDA;4011S;20;SOUZA & SANTON REPR LTDA;
25/05/2023;COM DE ALIM RRS LTDA;4011S;4;SOUZA & SANTON REPR LTDA;
25/05/2023;COM DE ALIM RRS LTDA;4011S;4;SOUZA & SANTON REPR LTDA;
25/05/2023;LAT SAO CARLOS LTDA;4011S;20;SOUZA & SANTON REPR LTDA;
25/05/2023;LAT SAO CARLOS LTDA;4011S;20;SOUZA & SANTON REPR LTDA;
25/05/2023;LAT CAMANDUCAIA LTDA;4011S;10;SOUZA & SANTON REPR LTDA;
25/05/2023;ARM SAO VITO COM DE PROD ALIM LTDA;4011S;10;SOUZA & SANTON REPR LTDA;
25/05/2023;ARM SAO VITO COM DE PROD ALIM LTDA;4011S;10;SOUZA & SANTON REPR LTDA;
25/05/2023;ARM SAO VITO COM DE PROD ALIM LTDA;4011S;10;SOUZA & SANTON REPR LTDA;
02/06/2023;CENTRO DE DISTR BUTANTA LTDA;4011S;2;SOUZA & SANTON REPR LTDA;
07/06/2023;FLAVIO HENRIQUE A CRUZ MERC;4011S;3;SOUZA & SANTON REPR LTDA;
07/06/2023;FLAVIO HENRIQUE A CRUZ MERC;4011S;3;SOUZA & SANTON REPR LTDA;
07/06/2023;BATISTA COM DE CEREAIS LTDA;4011S;3;SOUZA & SANTON REPR LTDA;
07/06/2023;BATISTA COM DE CEREAIS LTDA;4011S;3;SOUZA & SANTON REPR LTDA;
07/06/2023;COML CHOCOLANDIA LTDA;4011S;4;SOUZA & SANTON REPR LTDA;
07/06/2023;COML CHOCOLANDIA LTDA;4011S;4;SOUZA & SANTON REPR LTDA;
07/06/2023;SM HIGA & FILHOS LTDA;4011S;10;SOUZA & SANTON REPR LTDA;
07/06/2023;SM HIGA & FILHOS LTDA;4011S;10;SOUZA & SANTON REPR LTDA;
07/06/2023;SM HIGA & FILHOS LTDA;4011S;20;SOUZA & SANTON REPR LTDA;
07/06/2023;SM HIGA & FILHOS LTDA;4011S;20;SOUZA & SANTON REPR LTDA;
07/06/2023;LAT SAO CARLOS LTDA;4011S;20;SOUZA & SANTON REPR LTDA;
07/06/2023;LAT SAO CARLOS LTDA;4011S;20;SOUZA & SANTON REPR LTDA;
07/06/2023;COM DE ALIM RRS LTDA;4011S;2;SOUZA & SANTON REPR LTDA;
07/06/2023;COM DE ALIM RRS LTDA;4011S;2;SOUZA & SANTON REPR LTDA;
07/06/2023;ATAC DO NATURAL COM E IMP DE PROD ALIM LTDA;4011S;2;SOUZA & SANTON REPR LTDA;
07/06/2023;M J LOPES COM DE PROD ALIM LTDA;4011S;10;SOUZA & SANTON REPR LTDA;
07/06/2023;M J LOPES COM DE PROD ALIM LTDA;4011S;10;SOUZA & SANTON REPR LTDA;
07/06/2023;M J LOPES COM DE PROD ALIM LTDA;4011S;10;SOUZA & SANTON REPR LTDA;
07/06/2023;PIRES COM DE CEREAIS E CONDIMENTOS LTDA;4011S;5;SOUZA & SANTON REPR LTDA;
07/06/2023;PIRES COM DE CEREAIS E CONDIMENTOS LTDA;4011S;5;SOUZA & SANTON REPR LTDA;
07/06/2023;ANDORINHA SM LTDA;4011S;44;SOUZA & SANTON REPR LTDA;
07/06/2023;SUPERVAREJAO SAUDE LTDA;4011S;15;SOUZA & SANTON REPR LTDA;
07/06/2023;CALVO COM E IMP LTDA;4011S;132;SOUZA & SANTON REPR LTDA;
07/06/2023;CALVO COM E IMP LTDA;4011S;132;SOUZA & SANTON REPR LTDA;
07/06/2023;CALVO COM E IMP LTDA;4011S;132;SOUZA & SANTON REPR LTDA;
07/06/2023;PUBLIC COM ATAC E VAREJ DE ALIM LTDA;4011S;30;SOUZA & SANTON REPR LTDA;
07/06/2023;SM BEM BARATO DIADEMA LTDA;4011S;7;SOUZA & SANTON REPR LTDA;
07/06/2023;MERC BEM BARATO LTDA;4011S;2;SOUZA & SANTON REPR LTDA;
07/06/2023;SM BEM BARATO SP LTDA;4011S;6;SOUZA & SANTON REPR LTDA;
07/06/2023;5M COM ATAC E VAREJ DE ALIM LTDA;4011S;20;SOUZA & SANTON REPR LTDA;
07/06/2023;5M COM ATAC E VAREJ DE ALIM LTDA;4011S;15;SOUZA & SANTON REPR LTDA;
07/06/2023;5M COM ATAC E VAREJ DE ALIM LTDA;4011S;10;SOUZA & SANTON REPR LTDA;
07/06/2023;PUBLIC COM ATAC E VAREJ DE ALIM LTDA;4011S;20;SOUZA & SANTON REPR LTDA;
07/06/2023;5M COM ATAC E VAREJ DE ALIM LTDA;4011S;10;SOUZA & SANTON REPR LTDA;
07/06/2023;5M COM ATAC E VAREJ DE ALIM LTDA;4011S;7;SOUZA & SANTON REPR LTDA;
07/06/2023;5M COM ATAC E VAREJ DE ALIM LTDA;4011S;15;SOUZA & SANTON REPR LTDA;
07/06/2023;5M COM ATAC E VAREJ DE ALIM LTDA;4011S;30;SOUZA & SANTON REPR LTDA;
07/06/2023;5M COM ATAC E VAREJ DE ALIM LTDA;4011S;20;SOUZA & SANTON REPR LTDA;
07/06/2023;5M COM ATAC E VAREJ DE ALIM LTDA;4011S;6;SOUZA & SANTON REPR LTDA;
07/06/2023;SM ALABARCE LTDA;4011S;20;SOUZA & SANTON REPR LTDA;
07/06/2023;DIAS PASTORINHO S/A COMER. E IND.;4011S;20;SOUZA & SANTON REPR LTDA;
07/06/2023;DIAS PASTORINHO S/A COMER. E IND.;4011S;20;SOUZA & SANTON REPR LTDA;
07/06/2023;DIAS PASTORINHO S/A COMER. E IND.;4011S;20;SOUZA & SANTON REPR LTDA;
07/06/2023;SM ALABARCE LTDA;4011S;10;SOUZA & SANTON REPR LTDA;
15/06/2023;FEDERZONI SERPA COM DE ALIM LTDA;4011S;10;SOUZA & SANTON REPR LTDA;
20/06/2023;T DA C CABRAL COM E DISTR DE PROD NATURAIS;4011S;1;SOUZA & SANTON REPR LTDA;
20/06/2023;RICARDO BORGES LIMA 35831275876;4011S;1;SOUZA & SANTON REPR LTDA;
20/06/2023;RICARDO BORGES LIMA 35831275876;4011S;1;SOUZA & SANTON REPR LTDA;
23/02/2023;E P ARANTES COML;4059;100;VIEIRA & VASCONCELOS REPR LTDA;
27/03/2023;MAGNANIMO COML IMP E EXP LTDA;4059;10;VIEIRA & VASCONCELOS REPR LTDA;
27/03/2023;MAGNANIMO COML IMP E EXP LTDA;4059;10;VIEIRA & VASCONCELOS REPR LTDA;
27/03/2023;MAGNANIMO COML IMP E EXP LTDA;4059;10;VIEIRA & VASCONCELOS REPR LTDA;
23/02/2023;NORDESTAO DO LITORAL PROD ALIM LTDA;4117;10;VIEIRA & VASCONCELOS REPR LTDA;
12/06/2023;MARCELO URZEDO DE OLIVEIRA ELDORADO;4117;5;VIEIRA & VASCONCELOS REPR LTDA;
12/06/2023;MAGMAXX COML LTDA;4117;6;VIEIRA & VASCONCELOS REPR LTDA;
27/03/2023;MAGNANIMO COML IMP E EXP LTDA;4118;50;VIEIRA & VASCONCELOS REPR LTDA;
27/03/2023;MAGNANIMO COML IMP E EXP LTDA;4118;50;VIEIRA & VASCONCELOS REPR LTDA;
27/03/2023;MAGNANIMO COML IMP E EXP LTDA;4118;50;VIEIRA & VASCONCELOS REPR LTDA;
12/06/2023;MARCELO URZEDO DE OLIVEIRA ELDORADO;4118;3;VIEIRA & VASCONCELOS REPR LTDA;
23/02/2023;NORDESTAO DO LITORAL PROD ALIM LTDA;4783;10;VIEIRA & VASCONCELOS REPR LTDA;
23/03/2023;SM FRANSUE LTDA;4783;30;VIEIRA & VASCONCELOS REPR LTDA;
27/03/2023;MAGNANIMO COML IMP E EXP LTDA;4783;60;VIEIRA & VASCONCELOS REPR LTDA;
27/03/2023;MAGNANIMO COML IMP E EXP LTDA;4783;60;VIEIRA & VASCONCELOS REPR LTDA;
27/03/2023;MAGNANIMO COML IMP E EXP LTDA;4783;60;VIEIRA & VASCONCELOS REPR LTDA;
12/06/2023;MAGMAXX COML LTDA;4783;6;VIEIRA & VASCONCELOS REPR LTDA;
15/06/2023;NORDESTAO DO LITORAL PROD ALIM LTDA;4783;10;VIEIRA & VASCONCELOS REPR LTDA;
15/06/2023;SM FRANSUE LTDA;4783;30;VIEIRA & VASCONCELOS REPR LTDA;
20/02/2023;MMBG COM VAREJ E ATAC DE GEN ALIM LTDA;4011S;10;VIEIRA & VASCONCELOS REPR LTDA;
20/02/2023;SIS COM VAREJ E ATAC DE GEN ALIM LTDA;4011S;20;VIEIRA & VASCONCELOS REPR LTDA;
30/05/2023;FRANCO LARA SM LTDA;4011S;15;VIEIRA & VASCONCELOS REPR LTDA;
30/05/2023;LARA & FRANCO LTDA;4011S;20;VIEIRA & VASCONCELOS REPR LTDA;
30/05/2023;EDINEI DE LARA;4011S;20;VIEIRA & VASCONCELOS REPR LTDA;
07/06/2023;MMBG COM VAREJ E ATAC DE GEN ALIM LTDA;4011S;20;VIEIRA & VASCONCELOS REPR LTDA;
07/06/2023;SIS COM VAREJ E ATAC DE GEN ALIM LTDA;4011S;20;VIEIRA & VASCONCELOS REPR LTDA;
